Workbook

Sheet metadata
A1: image_id | B1: artwork_id | C1: original_file | D1: artist | E1: title | F1: year | G1: genre | H1: medium | I1: label_confidence | J1: photo_quality | K1: include | L1: notes
A2: A001-1 | B2: A001 | C2: Tengiz Mirzashvili"Chubchika".JPG | D2: Tengiz Mirzashvili | E2: Chubchika | G2: landscape | H2: painting | I2: high | J2: ok | K2: yes | L2: village with blossoming trees
A3: A002-1 | B3: A002 | C3: Temur Kadagishvili, "Landscape. Oaks", 2024.JPG | D3: Temur Kadagishvili | E3: Landscape. Oaks | F3: 2024 | G3: landscape | H3: painting | I3: high | J3: ok | K3: yes
A4: A003-1 | B4: A003 | C4: Heather-Dawn SCott , untitled.JPG | D4: Heather-Dawn Scott | E4: Untitled | G4: portrait | H4: painting | I4: low | J4: ok | K4: yes | L4: seated half-length figure
A5: A004-1 | B5: A004 | C5: IMG_8505.JPG | G5: landscape | H5: painting | I5: high | J5: ok | K5: yes | L5: houses on water (cityscape)
A6: A005-1 | B6: A005 | C6: Ushangi Khumarashvili, Abstraction, 2017.JPG | D6: Ushangi Khumarashvili | E6: Abstraction | F6: 2017 | G6: abstract | H6: painting | I6: high | J6: ok | K6: yes
A7: A006-1 | B7: A006 | C7: Ushangi Khumarashvili, Abstraction, 2010.JPG | D7: Ushangi Khumarashvili | E7: Abstraction | F7: 2010 | G7: abstract | H7: painting | I7: high | J7: ok | K7: yes
A8: A007-1 | B8: A007 | C8: IMG_8506.JPG | G8: figurative | H8: painting | I8: high | J8: ok | K8: yes | L8: three children
A9: A008-1 | B9: A008 | C9: Ushangi Khumarashvili, Abstraction.JPG | D9: Ushangi Khumarashvili | E9: Abstraction | G9: abstract | H9: painting | I9: high | J9: ok | K9: yes
A10: A009-1 | B10: A009 | C10: Ushangi Khumarashvili, Abstraction-2.JPG | D10: Ushangi Khumarashvili | E10: Abstraction-2 | G10: abstract | H10: painting | I10: high | J10: ok | K10: yes
A11: A010-1 | B11: A010 | C11: IMG_8507.JPG | G11: figurative | H11: painting | I11: high | J11: ok | K11: yes | L11: single standing figure
A12: A011-1 | B12: A011 | C12: IMG_8508.JPG | G12: landscape | H12: painting | I12: low | J12: ok | K12: yes | L12: village with large crowd; landscape vs figurative
A13: A012-1 | B13: A012 | C13: Ushangi Khumarashvili, "Red Sun", 2013.JPG | D13: Ushangi Khumarashvili | E13: Red Sun | F13: 2013 | G13: abstract | H13: painting | I13: high | J13: ok | K13: yes
A14: A013-1 | B14: A013 | C14: IMG_8509.JPG | G14: figurative | H14: painting | I14: high | J14: ok | K14: yes | L14: group of figures
A15: A014-1 | B15: A014 | C15: George Alexi-Meskhishvili, "Window".JPG | D15: George Alexi-Meskhishvili | E15: Window | G15: abstract | H15: mixed_media | I15: low | J15: reflection | K15: yes | L15: window/glass work
A16: A015-1 | B16: A015 | C16: IMG_8510.JPG | G16: figurative | H16: painting | I16: high | J16: ok | K16: yes | L16: dancers
A17: A016-1 | B17: A016 | C17: Janri Lolashvili, Untitled, 2022.JPG | D17: Janri Lolashvili | E17: Untitled | F17: 2022 | G17: landscape | H17: painting | I17: low | J17: angle | K17: yes | L17: semi-abstract cloudscape
A18: A017-1 | B18: A017 | C18: IMG_8511.JPG | G18: figurative | H18: painting | I18: low | J18: ok | K18: yes | L18: crowd, close to abstract
A19: A018-1 | B19: A018 | C19: Koka Tskhvediani, Untitled.JPG | D19: Koka Tskhvediani | E19: Untitled | G19: abstract | H19: painting | I19: high | J19: glare | K19: yes
A20: A019-1 | B20: A019 | C20: IMG_8512.JPG | G20: landscape | H20: painting | I20: high | J20: ok | K20: yes | L20: village
A21: A020-1 | B21: A020 | C21: Niko TseTskhladze, "Café", 2013.JPG | D21: Niko Tsetskhladze | E21: Cafe | F21: 2013 | G21: figurative | H21: painting | I21: high | J21: ok | K21: yes | L21: bear in a cafe
A22: A021-1 | B22: A021 | C22: IMG_8513.JPG | G22: landscape | H22: painting | I22: high | J22: ok | K22: yes | L22: street with church
A23: A022-1 | B23: A022 | C23: Ushangi Khumarashvili.JPG | D23: Ushangi Khumarashvili | G23: figurative | H23: painting | I23: low | J23: ok | K23: yes | L23: cafe interior, loose brushwork
A24: A023-1 | B24: A023 | C24: IMG_8514.JPG | G24: figurative | H24: painting | I24: high | J24: ok | K24: yes | L24: woman with umbrella
A25: A024-1 | B25: A024 | C25: Temo Japaridze, Untitled.JPG | D25: Temo Japaridze | E25: Untitled | G25: figurative | H25: painting | I25: high | J25: ok | K25: yes | L25: cafe scene
A26: A025-1 | B26: A025 | C26: Levan Chogoshvili, "Aristocracy", 2020.JPG | D26: Levan Chogoshvili | E26: Aristocracy | F26: 2020 | G26: figurative | H26: mixed_media | I26: low | J26: glare | K26: yes | L26: collage with figures
A27: A026-1 | B27: A026 | C27: Merab Tatalashvili, „Shedow café".JPG | D27: Merab Tatalashvili | E27: Shadow Cafe | G27: abstract | H27: painting | I27: low | J27: ok | K27: yes | L27: semi-abstract cafe chairs
A28: A027-1 | B28: A027 | C28: IMG_8515.JPG | G28: landscape | H28: painting | I28: low | J28: ok | K28: yes | L28: Santorini; may be a print
A29: A028-1 | B29: A028 | C29: Koka Tskhvediani, „Cyber Cafe", 2013.JPG | D29: Koka Tskhvediani | E29: Cyber Cafe | F29: 2013 | G29: abstract | H29: painting | I29: low | J29: ok | K29: yes | L29: semi-abstract building facade
A30: A029-1 | B30: A029 | C30: Mzia Lekiashvili "At dawn".JPG | D30: Mzia Lekiashvili | E30: At Dawn | G30: landscape | H30: painting | I30: low | J30: ok | K30: yes | L30: semi-abstract cityscape
A31: A030-1 | B31: A030 | C31: IMG_0799.JPG | G31: portrait | H31: painting | I31: low | J31: ok | K31: yes | L31: seated woman, full figure
A32: A031-1 | B32: A031 | C32: Zurab (Piko) Nizharadze, Musicians.JPG | D32: Zurab (Piko) Nizharadze | E32: Musicians | G32: figurative | H32: painting | I32: high | J32: ok | K32: yes
A33: A032-1 | B33: A032 | C33: Maka Topuridze, "Dancing clowns", 2024.JPG | D33: Maka Topuridze | E33: Dancing Clowns | F33: 2024 | G33: figurative | H33: painting | I33: low | J33: angle | K33: yes | L33: dense semi-abstract figures
A34: A033-1 | B34: A033 | C34: Zurab (Piko) Nizharadze, "Samson and Dalilah".JPG | D34: Zurab (Piko) Nizharadze | E34: Samson and Dalilah | G34: figurative | H34: painting | I34: high | J34: ok | K34: yes
A35: A034-1 | B35: A034 | C35: Oleg Timchenko, Untitled, 2013.JPG | D35: Oleg Timchenko | E35: Untitled | F35: 2013 | G35: figurative | H35: painting | I35: low | J35: ok | K35: yes | L35: two creatures above flowers
A36: A035-1 | B36: A035 | C36: Dea Soselia, "Wine Country", 2023.JPG | D36: Dea Soselia | E36: Wine Country | F36: 2023 | G36: landscape | H36: painting | I36: high | J36: ok | K36: yes
A37: A036-1 | B37: A036 | C37: Zurab Nijaradze -female torso.JPG | D37: Zurab Nizharadze | E37: Female Torso | G37: figurative | H37: painting | I37: high | J37: ok | K37: yes | L37: nude torso
A38: A037-1 | B38: A037 | C38: Murtaz Shvelidze "untitled".JPG | D38: Murtaz Shvelidze | E38: Untitled | F38: 2013 | G38: figurative | H38: painting | I38: high | J38: ok | K38: yes | L38: legs under a table; year from wall label (photo X-038)
A39: X-038 | C39: IMG_0808.JPG | K39: no | L39: wall label only (Murtaz Shvelidze, Untitled, 2013)
A40: A038-1 | B40: A038 | C40: Tengiz Kacheishvili-African Elephant.JPG | D40: Tengiz Kacheishvili | E40: African Elephant | G40: figurative | H40: painting | I40: high | J40: ok | K40: yes | L40: elephant, cubist style
A41: A039-1 | B41: A039 | C41: Mamuka Tsetskhladze "Cafe Paris".JPG | D41: Mamuka Tsetskhladze | E41: Cafe Paris | G41: landscape | H41: painting | I41: high | J41: ok | K41: yes | L41: street cafe
A42: A040-1 | B42: A040 | C42: Tamara(Toma) Kanashvili , "Megadevildonalds".JPG | D42: Tamara (Toma) Kanashvili | E42: Megadevildonalds | G42: figurative | H42: painting | I42: high | J42: ok | K42: yes
A43: A041-1 | B43: A041 | C43: Elene Akhvlediani, „Old and New Tbilisi".JPG | D43: Elene Akhvlediani | E43: Old and New Tbilisi | G43: landscape | H43: painting | I43: high | J43: ok | K43: yes | L43: cityscape
A44: A042-1 | B44: A042 | C44: Vazha Bekauri-Café.JPG | D44: Vazha Bekauri | E44: Cafe | G44: figurative | H44: painting | I44: high | J44: ok | K44: yes | L44: outdoor cafe with people
A45: A043-1 | B45: A043 | C45: Gogi Chagelishvili-Rachuli Rhapsody.JPG | D45: Gogi Chagelishvili | E45: Rachuli Rhapsody | G45: landscape | H45: painting | I45: low | J45: ok | K45: yes | L45: rural scene with figures
A46: A044-1 | B46: A044 | C46: Vazha Bekauri, Cafe.JPG | D46: Vazha Bekauri | E46: Cafe | G46: landscape | H46: painting | I46: low | J46: ok | K46: yes | L46: night street with figures
A47: A045-1 | B47: A045 | C47: Levan Jokhadze, Abstraction, 2023.JPG | D47: Levan Jokhadze | E47: Abstraction | F47: 2023 | G47: abstract | H47: painting | I47: high | J47: ok | K47: yes
A48: A046-1 | B48: A046 | C48: Gogi Chagelishvili, "The Lady", 2011.JPG | D48: Gogi Chagelishvili | E48: The Lady | F48: 2011 | G48: portrait | H48: painting | I48: high | J48: ok | K48: yes
A49: A047-1 | B49: A047 | C49: Gogi Chagelishvili, "12 Dreams of Margarita", 2013.JPG | D49: Gogi Chagelishvili | E49: 12 Dreams of Margarita | F49: 2013 | G49: portrait | H49: painting | I49: low | J49: ok | K49: yes | L49: full-length figure
A50: A048-1 | B50: A048 | C50: Tekla Melikadze "gossip girls".JPG | D50: Tekla Melikadze | E50: Gossip Girls | G50: portrait | H50: work_on_paper | I50: low | J50: glare | K50: yes | L50: two profiles
A51: A049-1 | B51: A049 | C51: Oleg Timchenko, Untitled, 2022.JPG | D51: Oleg Timchenko | E51: Untitled | F51: 2022 | G51: portrait | H51: painting | I51: high | J51: ok | K51: yes | L51: equestrian portrait
A52: A050-1 | B52: A050 | C52: Mariam Shengelia, "Soviet Isolation", Collage, 2023.JPG | D52: Mariam Shengelia | E52: Soviet Isolation (collage) | F52: 2023 | G52: figurative | H52: mixed_media | I52: high | J52: ok | K52: yes | L52: newspaper collage
A53: A051-1 | B53: A051 | C53: Oleg Timchenko, Untitled, 2022-2.JPG | D53: Oleg Timchenko | E53: Untitled-2 | F53: 2022 | G53: portrait | H53: painting | I53: high | J53: ok | K53: yes | L53: equestrian portrait
A54: A052-1 | B54: A052 | C54: Oleg Timchenko, Untitled, 2022-4.JPG | D54: Oleg Timchenko | E54: Untitled-4 | F54: 2022 | G54: portrait | H54: painting | I54: high | J54: small | K54: yes | L54: work small in frame
A55: A053-1 | B55: A053 | C55: Oleg Timchenko, Untitled, 2022-3.JPG | D55: Oleg Timchenko | E55: Untitled-3 | F55: 2022 | G55: portrait | H55: painting | I55: high | J55: ok | K55: yes
A56: A054-1 | B56: A054 | C56: Judi Panjikidze, "Sitters on Break", 2022.JPG | D56: Judi Panjikidze | E56: Sitters on Break | F56: 2022 | G56: figurative | H56: painting | I56: low | J56: ok | K56: yes | L56: nudes, monochrome relief
A57: A055-1 | B57: A055 | C57: Omar Durmishidze, Still Life with Lemon, 1992.JPG | D57: Omar Durmishidze | E57: Still Life with Lemon | F57: 1992 | G57: still_life | H57: painting | I57: high | J57: ok | K57: no | L57: class 'still_life' too small, not used
A58: A056-1 | B58: A056 | C58: Mariam Shengelia, "Self-Portrait ", 2023.JPG | D58: Mariam Shengelia | E58: Self-Portrait | F58: 2023 | G58: portrait | H58: painting | I58: high | J58: ok | K58: yes
A59: A057-1 | B59: A057 | C59: Omar Durmishidze, Still Life "Fish".JPG | D59: Omar Durmishidze | E59: Still Life "Fish" | G59: still_life | H59: painting | I59: high | J59: ok | K59: no | L59: class 'still_life' too small, not used
A60: A058-1 | B60: A058 | C60: Bacho Chamelashvili, Untitled, 2025.JPG | D60: Bacho Chamelashvili | E60: Untitled | F60: 2025 | G60: figurative | H60: painting | I60: high | J60: ok | K60: yes
A61: A059-1 | B61: A059 | C61: Onisime Chikvaidze "Vazha-Fshavela.JPG | D61: Onisime Chikvaidze | E61: Vazha-Pshavela | G61: portrait | H61: painting | I61: high | J61: ok | K61: yes
A62: A060-1 | B62: A060 | C62: Levan Jokhadze- Abstraction.JPG | D62: Levan Jokhadze | E62: Abstraction | G62: abstract | H62: painting | I62: high | J62: ok | K62: yes
A63: A061-1 | B63: A061 | C63: Ushangi Khumarashvili, Abstraction2.JPG | D63: Ushangi Khumarashvili | E63: Abstraction 2 | G63: abstract | H63: painting | I63: high | J63: ok | K63: yes
A64: A062-1 | B64: A062 | C64: Gela Dumbadze "Maro Mayashvili".JPG | D64: Gela Dumbadze | E64: Maro Mayashvili | G64: portrait | H64: painting | I64: high | J64: ok | K64: yes
A65: A063-1 | B65: A063 | C65: Ushangi Khumarashvili, Abstraction4.JPG | D65: Ushangi Khumarashvili | E65: Abstraction 4 | G65: abstract | H65: painting | I65: high | J65: ok | K65: yes
A66: A064-1 | B66: A064 | C66: Lado Gudiashvili "The legend of the Founding of Tbilisi".JPG | D66: Lado Gudiashvili | E66: The Legend of the Founding of Tbilisi | G66: figurative | H66: painting | I66: high | J66: ok | K66: yes | L66: history scene
A67: A065-1 | B67: A065 | C67: Pablo Picasso, "Woman In a Fish Hat", Lithography.JPG | D67: Pablo Picasso | E67: Woman in a Fish Hat (lithograph) | G67: portrait | H67: work_on_paper | I67: high | J67: ok | K67: yes | L67: lithograph
A68: A066-1 | B68: A066 | C68: Ushangi Khumarashvili, Abstraction8.JPG | D68: Ushangi Khumarashvili | E68: Abstraction 8 | G68: abstract | H68: painting | I68: high | J68: ok | K68: yes
A69: A067-1 | B69: A067 | C69: IMG_0844.JPG | D69: Pablo Picasso | E69: Le Roi (print) | G69: portrait | H69: work_on_paper | I69: high | J69: ok | K69: yes | L69: print; plaque reads Picasso 'Le Roi'
A70: A068-1 | B70: A068 | C70: IMG_0845.JPG | D70: Pablo Picasso | E70: Le Mousquetaire (print) | G70: portrait | H70: work_on_paper | I70: high | J70: ok | K70: yes | L70: print; plaque reads Picasso 'Le Mousquetaire'
A71: A069-1 | B71: A069 | C71: Ushangi Khumarashvili, Abstraction6.JPG | D71: Ushangi Khumarashvili | E71: Abstraction 6 | G71: abstract | H71: painting | I71: high | J71: ok | K71: yes
A72: A070-1 | B72: A070 | C72: Dali "Blue Unicorn".JPG | D72: Salvador Dali | E72: Blue Unicorn | G72: figurative | H72: work_on_paper | I72: high | J72: glare | K72: yes | L72: numbered lithograph
A73: A071-1 | B73: A071 | C73: Ushangi Khumarashvili, Abstraction, 2018-3.JPG | D73: Ushangi Khumarashvili | E73: Abstraction 3 | F73: 2018 | G73: abstract | H73: painting | I73: high | J73: ok | K73: yes
A74: A072-1 | B74: A072 | C74: Marc Shagal, "Tribe of Simeon".JPG | D74: Marc Chagall | E74: Tribe of Simeon | G74: figurative | H74: work_on_paper | I74: low | J74: angle | K74: yes | L74: lithograph, symbolic composition
A75: A073-1 | B75: A073 | C75: Marc Shagal, "Tribe of Judah".JPG | D75: Marc Chagall | E75: Tribe of Judah | G75: figurative | H75: work_on_paper | I75: low | J75: angle | K75: yes | L75: lithograph, symbolic composition
A76: A074-1 | B76: A074 | C76: Anna K.E., From the Series in Order of Appearance No.06.JPG | D76: Anna K.E. | E76: From the Series In Order of Appearance No.06 | G76: abstract | H76: work_on_paper | I76: low | J76: reflection | K76: yes | L76: window reflected in glass
A77: A075-1 | B77: A075 | C77: Anna K.E., From the Series in Order of Appearance No.02.JPG | D77: Anna K.E. | E77: From the Series In Order of Appearance No.02 | G77: abstract | H77: work_on_paper | I77: low | J77: reflection | K77: yes | L77: mask-like face; window reflected in glass
A78: A076-1 | B78: A076 | C78: Mamuka Japaridze, "Rolex", 1994.JPG | D78: Mamuka Japaridze | E78: Rolex | F78: 1994 | G78: abstract | H78: painting | I78: high | J78: ok | K78: yes | L78: Georgian script
A79: A077-1 | B79: A077 | C79: Irakli Bugiani, "A Cosmic Event", 2021.JPG | D79: Irakli Bugiani | E79: A Cosmic Event | F79: 2021 | G79: landscape | H79: painting | I79: high | J79: ok | K79: yes | L79: sunset
A80: A078-1 | B80: A078 | C80: Tamo Jugeli, Untitled 2020.JPG | D80: Tamo Jugeli | E80: Untitled | F80: 2020 | G80: abstract | H80: painting | I80: high | J80: ok | K80: yes
A81: X-080 | C81: IMG_0855.JPG | K81: no | L81: wall label only (Tamo Jugeli, Untitled, 2020)
A82: A079-1 | B82: A079 | C82: Tamo Jugeli, Untitled, 2020.JPG | D82: Tamo Jugeli | E82: Untitled | F82: 2020 | G82: abstract | H82: painting | I82: high | J82: ok | K82: yes
A83: A080-1 | B83: A080 | C83: Nina Kintsurashvili "Topography".JPG | D83: Nina Kintsurashvili | E83: Topography | G83: abstract | H83: painting | I83: high | J83: ok | K83: yes
A84: A081-1 | B84: A081 | C84: Nika Kutateladze, "Dinner", 2021.JPG | D84: Nika Kutateladze | E84: Dinner | F84: 2021 | G84: landscape | H84: painting | I84: low | J84: ok | K84: yes | L84: mountain landscape with picnic figures
A85: A082-1 | B85: A082 | C85: Ushangi Khumarashvili, Abstraction5.JPG | D85: Ushangi Khumarashvili | E85: Abstraction 5 | G85: abstract | H85: painting | I85: high | J85: ok | K85: yes
A86: A083-1 | B86: A083 | C86: Maia Naveriani, 'Authentic Behavior", 2019.JPG | D86: Maia Naveriani | E86: Authentic Behavior | F86: 2019 | G86: figurative | H86: work_on_paper | I86: low | J86: ok | K86: yes | L86: coloured-pencil drawing
A87: A084-1 | B87: A084 | C87: Dali Podiashvili, "Landscape*.JPG | D87: Dali Podiashvili | E87: Landscape | G87: landscape | H87: painting | I87: high | J87: ok | K87: yes | L87: title from wall label (photo X-087)
A88: X-087 | C88: IMG_8563.JPG | K88: no | L88: wall label only (Dali Podiashvili, Landscape)
A89: A085-1 | B89: A085 | C89: IMG_8564.JPG | G89: landscape | H89: work_on_paper | I89: high | J89: glare | K89: yes | L89: photographic poster
A90: A086-1 | B90: A086 | C90: IMG_8565.JPG | G90: landscape | H90: work_on_paper | I90: high | J90: ok | K90: yes | L90: photographic poster
A91: A087-1 | B91: A087 | C91: Tekla Meladze "SHEREKILEBI".JPG | D91: Tekla Meladze | E91: Sherekilebi | G91: figurative | H91: painting | I91: low | J91: ok | K91: yes | L91: rooster with symbols
A92: A088-1 | B92: A088 | C92: IMG_8566.JPG | G92: figurative | H92: painting | I92: high | J92: ok | K92: yes
A93: A089-1 | B93: A089 | C93: IMG_8567.JPG | G93: landscape | H93: work_on_paper | I93: high | J93: ok | K93: yes | L93: photographic poster
A94: A090-1 | B94: A090 | C94: IMG_8568.JPG | G94: landscape | H94: painting | I94: high | J94: ok | K94: yes | L94: village, black and white
A95: A091-1 | B95: A091 | C95: IMG_8569.JPG | G95: figurative | H95: painting | I95: low | J95: ok | K95: yes | L95: village with many figures
A96: A092-1 | B96: A092 | C96: IMG_8570.JPG | G96: landscape | H96: painting | I96: high | J96: ok | K96: yes | L96: houses on water
A97: A093-1 | B97: A093 | C97: IMG_8571.JPG | G97: figurative | H97: painting | I97: high | J97: ok | K97: yes | L97: market women
A98: A094-1 | B98: A094 | C98: IMG_8572.JPG | G98: landscape | H98: work_on_paper | I98: high | J98: ok | K98: yes | L98: photographic poster
A99: A095-1 | B99: A095 | C99: IMG_0866.JPG | G99: landscape | H99: painting | I99: high | J99: ok | K99: yes | L99: boats / seascape
A100: A096-1 | B100: A096 | C100: IMG_0867.JPG | G100: figurative | H100: painting | I100: high | J100: angle | K100: yes | L100: religious icon
...

Sheet class_counts
A1: Counts are of unique artworks (one row per artwork_id), computed from the metadata sheet.
A3: genre | B3: artworks | C3: high confidence | D3: used in experiments
A4: landscape | B4: =SUMPRODUCT((metadata!$G$2:$G$187="landscape")*(RIGHT(metadata!$A$2:$A$187,2)="-1")) | C4: =SUMPRODUCT((metadata!$G$2:$G$187="landscape")*(metadata!$I$2:$I$187="high")*(RIGHT(metadata!$A$2:$A$187,2)="-1")) | D4: yes
A5: figurative | B5: =SUMPRODUCT((metadata!$G$2:$G$187="figurative")*(RIGHT(metadata!$A$2:$A$187,2)="-1")) | C5: =SUMPRODUCT((metadata!$G$2:$G$187="figurative")*(metadata!$I$2:$I$187="high")*(RIGHT(metadata!$A$2:$A$187,2)="-1")) | D5: yes
A6: abstract | B6: =SUMPRODUCT((metadata!$G$2:$G$187="abstract")*(RIGHT(metadata!$A$2:$A$187,2)="-1")) | C6: =SUMPRODUCT((metadata!$G$2:$G$187="abstract")*(metadata!$I$2:$I$187="high")*(RIGHT(metadata!$A$2:$A$187,2)="-1")) | D6: yes
A7: portrait | B7: =SUMPRODUCT((metadata!$G$2:$G$187="portrait")*(RIGHT(metadata!$A$2:$A$187,2)="-1")) | C7: =SUMPRODUCT((metadata!$G$2:$G$187="portrait")*(metadata!$I$2:$I$187="high")*(RIGHT(metadata!$A$2:$A$187,2)="-1")) | D7: yes
A8: still_life | B8: =SUMPRODUCT((metadata!$G$2:$G$187="still_life")*(RIGHT(metadata!$A$2:$A$187,2)="-1")) | C8: =SUMPRODUCT((metadata!$G$2:$G$187="still_life")*(metadata!$I$2:$I$187="high")*(RIGHT(metadata!$A$2:$A$187,2)="-1")) | D8: no (too few)
A9: other | B9: =SUMPRODUCT((metadata!$G$2:$G$187="other")*(RIGHT(metadata!$A$2:$A$187,2)="-1")) | C9: =SUMPRODUCT((metadata!$G$2:$G$187="other")*(metadata!$I$2:$I$187="high")*(RIGHT(metadata!$A$2:$A$187,2)="-1")) | D9: no (too few)
A10: total | B10: =SUM(B4:B9) | C10: =SUM(C4:C9)
A12: medium | B12: artworks | C12: high confidence | D12: used in experiments
A13: painting | B13: =SUMPRODUCT((metadata!$H$2:$H$187="painting")*(RIGHT(metadata!$A$2:$A$187,2)="-1")) | C13: =SUMPRODUCT((metadata!$H$2:$H$187="painting")*(metadata!$I$2:$I$187="high")*(RIGHT(metadata!$A$2:$A$187,2)="-1")) | D13: yes
A14: work_on_paper | B14: =SUMPRODUCT((metadata!$H$2:$H$187="work_on_paper")*(RIGHT(metadata!$A$2:$A$187,2)="-1")) | C14: =SUMPRODUCT((metadata!$H$2:$H$187="work_on_paper")*(metadata!$I$2:$I$187="high")*(RIGHT(metadata!$A$2:$A$187,2)="-1")) | D14: yes
A15: mixed_media | B15: =SUMPRODUCT((metadata!$H$2:$H$187="mixed_media")*(RIGHT(metadata!$A$2:$A$187,2)="-1")) | C15: =SUMPRODUCT((metadata!$H$2:$H$187="mixed_media")*(metadata!$I$2:$I$187="high")*(RIGHT(metadata!$A$2:$A$187,2)="-1")) | D15: no (too few)
A16: total | B16: =SUM(B13:B15) | C16: =SUM(C13:C15)
A18: photos in folder (JPG) | B18: =COUNTA(metadata!A2:A187)
A19: photos excluded | B19: =COUNTIF(metadata!A2:A187,"X-*")
A20: unique artworks | B20: =COUNTIF(metadata!A2:A187,"*-1")

Sheet label_guide
A1: Field | B1: Rule
A2: image_id | B2: A###-n = artwork number (in order photographed) + photo number of that artwork. X-### = excluded photo (### = capture order).
A3: artwork_id | B3: Same physical artwork = same ID. Always split train/test by this column, never by image.
A4: portrait | B4: One or two people where the face or upper body is the main subject (incl. equestrian portraits).
A5: landscape | B5: Outdoor scenery: nature, village, cityscape, seascape. Small figures allowed if the place dominates.
A6: figurative | B6: People, animals or scenes that are not a portrait: groups, full-body figures, nudes, religious and history scenes.
A7: abstract | B7: No clearly recognisable subject. Semi-abstract works are abstract with label_confidence = low.
A8: still_life / other | B8: Arranged objects or flowers / interiors and decorative designs. Too few artworks, not used.
A9: painting | B9: Oil or acrylic on canvas or board, usually without glass.
A10: work_on_paper | B10: Drawing, pastel, watercolour, print, lithograph, etching, poster. Usually behind glass with a mat.
A11: mixed_media | B11: Collage or assemblage. Too few, not used.
A12: label_confidence | B12: low = the genre or medium could reasonably be argued differently. Report results with and without these.
... A15: Not included | B15: 1 HEIC photo (Baratashvili, Shatili, 2015) was skipped as requested.
